frame,czas_s,kury,nie_kury,drzwi
1,0.000,3,0,1
2,0.033,3,1,0
3,0.067,3,1,0
4,0.100,3,1,0
5,0.133,3,1,0
6,0.167,3,1,0
7,0.200,4,0,1
8,0.233,4,0,1
9,0.267,4,0,1
10,0.300,4,0,1
11,0.333,6,0,1
12,0.367,5,1,0
13,0.400,5,1,0
14,0.433,4,0,1
15,0.467,5,0,1
16,0.500,5,0,1
17,0.533,5,0,1
18,0.567,5,0,1
19,0.600,5,0,1
20,0.633,5,0,1
21,0.667,5,0,1
22,0.700,5,0,1
23,0.733,5,0,1
24,0.767,5,0,1
25,0.800,6,0,1
26,0.833,4,0,1
27,0.867,3,0,1
28,0.900,3,0,1
29,0.933,2,0,1
30,0.967,2,0,1
31,1.000,4,1,0
32,1.033,5,0,1
33,1.067,4,0,1
34,1.100,4,0,1
35,1.133,4,0,1
36,1.167,1,0,1
37,1.200,3,1,0
38,1.233,3,1,0
39,1.267,5,0,1
40,1.300,4,1,0
41,1.333,3,0,1
42,1.367,2,0,1
43,1.400,2,0,1
44,1.433,0,0,0
45,1.467,2,0,1
46,1.500,2,0,1
47,1.533,2,0,1
48,1.567,0,0,0
49,1.600,1,0,1
50,1.633,1,0,1
51,1.667,1,0,1
52,1.700,1,0,1
53,1.733,2,0,1
54,1.767,1,0,1
55,1.800,1,0,1
56,1.833,1,0,1
57,1.867,1,0,1
58,1.900,4,0,1
59,1.933,4,0,1
60,1.967,4,0,1
61,2.000,3,0,1
62,2.033,3,0,1
63,2.067,0,0,0
64,2.100,3,1,0
65,2.133,3,0,1
66,2.167,3,0,1
67,2.200,3,0,1
68,2.233,3,0,1
69,2.267,1,0,1
70,2.300,1,0,1
71,2.333,1,0,1
72,2.367,0,0,0
73,2.400,1,0,1
74,2.433,2,0,1
75,2.467,3,1,0
76,2.500,0,0,0
77,2.533,1,0,1
78,2.567,0,0,0
79,2.600,2,0,1
80,2.633,2,0,1
81,2.667,2,0,1
82,2.700,1,0,1
83,2.733,0,0,0
84,2.767,0,0,0
85,2.800,1,0,1
86,2.833,1,0,1
87,2.867,0,0,0
88,2.900,0,0,0
89,2.933,0,0,0
90,2.967,0,0,0
91,3.000,0,0,0
92,3.033,0,0,0
93,3.067,0,0,0
94,3.100,0,0,0
95,3.133,0,0,0
96,3.167,0,0,0
97,3.200,0,0,0
98,3.233,0,1,0
99,3.267,1,0,1
100,3.300,0,0,0
101,3.333,0,0,0
102,3.367,0,0,0
103,3.400,1,0,1
104,3.433,1,0,1
105,3.467,0,0,0
106,3.500,0,0,0
107,3.533,1,0,1
108,3.567,1,0,1
109,3.600,1,0,1
110,3.633,1,0,1
111,3.667,0,0,0
112,3.700,1,0,1
113,3.733,1,0,1
114,3.767,3,0,1
115,3.800,1,1,0
116,3.833,2,0,1
117,3.867,4,0,1
118,3.900,3,0,1
119,3.933,2,0,1
120,3.967,1,0,1
121,4.000,1,0,1
122,4.033,2,0,1
123,4.067,1,0,1
124,4.100,1,0,1
125,4.133,1,0,1
126,4.167,1,0,1
127,4.200,2,1,0
128,4.233,4,0,1
129,4.267,2,0,1
130,4.300,2,1,0
131,4.333,3,0,1
132,4.367,3,0,1
133,4.400,1,0,1
134,4.433,1,0,1
135,4.467,1,0,1
136,4.500,1,0,1
137,4.533,1,0,1
138,4.567,1,0,1
139,4.600,1,0,1
140,4.633,1,0,1
141,4.667,0,0,0
142,4.700,0,0,0
143,4.733,0,0,0
144,4.767,0,0,0
145,4.800,0,0,0
146,4.833,0,0,0
147,4.867,1,0,1
148,4.900,0,0,0
149,4.933,1,0,1
150,4.967,1,0,1
151,5.000,0,0,0
152,5.033,0,0,0
153,5.067,0,0,0
154,5.100,0,0,0
155,5.133,0,0,0
156,5.167,0,0,0
157,5.200,0,0,0
158,5.233,0,0,0
159,5.267,0,0,0
160,5.300,1,0,1
161,5.333,0,1,0
162,5.367,0,1,0
163,5.400,0,0,0
164,5.433,0,1,0
165,5.467,1,0,1
166,5.500,1,0,1
167,5.533,1,1,0
168,5.567,0,1,0
169,5.600,0,1,0
170,5.633,1,1,0
171,5.667,0,3,0
172,5.700,1,1,0
173,5.733,1,2,0
174,5.767,1,1,0
175,5.800,0,1,0
176,5.833,1,2,0
177,5.867,1,1,0
178,5.900,1,1,0
179,5.933,1,2,0
180,5.967,0,1,0
181,6.000,0,1,0
182,6.033,1,2,0
183,6.067,0,1,0
184,6.100,0,1,0
185,6.133,0,1,0
186,6.167,0,1,0
187,6.200,0,1,0
188,6.233,0,1,0
189,6.267,1,0,1
190,6.300,1,0,1
191,6.333,0,0,0
192,6.367,0,0,0
193,6.400,0,0,0
194,6.433,0,0,0
195,6.467,0,0,0
196,6.500,0,0,0
197,6.533,0,0,0
198,6.567,0,0,0
199,6.600,0,0,0
200,6.633,0,0,0
201,6.667,0,0,0
202,6.700,0,0,0
203,6.733,0,0,0
204,6.767,0,0,0
205,6.800,0,0,0
206,6.833,0,0,0
207,6.867,0,0,0
208,6.900,0,0,0
209,6.933,0,0,0
210,6.967,0,0,0
211,7.000,0,1,0
212,7.033,0,0,0
213,7.067,1,0,1
214,7.100,1,0,1
215,7.133,1,0,1
216,7.167,1,0,1
217,7.200,1,0,1
218,7.233,1,0,1
219,7.267,1,0,1
220,7.300,1,0,1
221,7.333,1,1,0
222,7.367,1,1,0
223,7.400,1,1,0
224,7.433,1,1,0
225,7.467,1,1,0
226,7.500,1,1,0
227,7.533,2,1,0
228,7.567,2,1,0
229,7.600,2,0,1
230,7.633,2,0,1
231,7.667,1,0,1
232,7.700,1,0,1
233,7.733,1,0,1
234,7.767,1,0,1
235,7.800,1,0,1
236,7.833,2,0,1
237,7.867,1,0,1
238,7.900,2,0,1
239,7.933,2,0,1
240,7.967,1,0,1
241,8.000,0,0,0
242,8.033,1,0,1
243,8.067,0,0,0
244,8.100,0,0,0
245,8.133,1,0,1
246,8.167,1,0,1
247,8.200,1,0,1
248,8.233,1,0,1
249,8.267,1,0,1
250,8.300,1,0,1
251,8.333,0,0,0
252,8.367,2,0,1
253,8.400,1,0,1
254,8.433,0,0,0
255,8.467,1,0,1
256,8.500,1,0,1
257,8.533,0,0,0
258,8.567,0,0,0
259,8.600,1,0,1
260,8.633,1,0,1
261,8.667,1,0,1
262,8.700,1,1,0
263,8.733,0,0,0
264,8.767,1,0,1
265,8.800,0,0,0
266,8.833,0,0,0
267,8.867,1,1,0
268,8.900,0,0,0
269,8.933,0,0,0
270,8.967,0,0,0
271,9.000,1,0,1
272,9.033,0,0,0
273,9.067,0,0,0
274,9.100,1,0,1
275,9.133,2,0,1
276,9.167,2,1,0
277,9.200,2,1,0
278,9.233,3,0,1
279,9.267,3,0,1
280,9.300,2,0,1
281,9.333,4,0,1
282,9.367,2,0,1
283,9.400,1,0,1
284,9.433,1,0,1
285,9.467,3,0,1
286,9.500,3,0,1
287,9.533,2,0,1
288,9.567,0,0,0
289,9.600,1,0,1
290,9.633,1,0,1
291,9.667,0,0,0
292,9.700,1,0,1
293,9.733,0,0,0
294,9.767,0,0,0
295,9.800,0,0,0
296,9.833,1,1,0
297,9.867,2,0,1
298,9.900,1,0,1
299,9.933,1,0,1
300,9.967,1,0,1
301,10.000,1,0,1
302,10.033,2,0,1
303,10.067,3,0,1
304,10.100,2,0,1
305,10.133,2,0,1
306,10.167,2,0,1
307,10.200,1,0,1
308,10.233,1,0,1
309,10.267,1,0,1
310,10.300,1,0,1
311,10.333,1,0,1
312,10.367,2,0,1
313,10.400,3,0,1
314,10.433,2,0,1
315,10.467,2,0,1
316,10.500,2,0,1
317,10.533,2,0,1
318,10.567,2,0,1
319,10.600,2,0,1
320,10.633,2,0,1
321,10.667,2,0,1
322,10.700,1,0,1
323,10.733,1,0,1
324,10.767,1,0,1
325,10.800,1,0,1
326,10.833,1,0,1
327,10.867,1,0,1
328,10.900,2,0,1
329,10.933,2,0,1
330,10.967,1,0,1
331,11.000,1,0,1
332,11.033,1,0,1
333,11.067,1,0,1
334,11.100,1,0,1
335,11.133,0,1,0
336,11.167,0,1,0
337,11.200,2,1,0
338,11.233,1,1,0
339,11.267,0,1,0
340,11.300,1,0,1
341,11.333,1,0,1
342,11.367,2,0,1
343,11.400,0,1,0
344,11.433,0,1,0
345,11.467,1,0,1
346,11.500,1,0,1
347,11.533,1,0,1
348,11.567,0,1,0
349,11.600,0,0,0
350,11.633,0,0,0
351,11.667,0,0,0
352,11.700,0,0,0
353,11.733,0,0,0
354,11.767,1,0,1
355,11.800,2,0,1
356,11.833,1,0,1
357,11.867,1,0,1
358,11.900,1,0,1
359,11.933,1,0,1
360,11.967,1,0,1
361,12.000,2,0,1
362,12.033,2,0,1
363,12.067,2,0,1
364,12.100,1,0,1
365,12.133,0,0,0
366,12.167,0,1,0
367,12.200,0,0,0
368,12.233,0,0,0
369,12.267,0,0,0
370,12.300,0,1,0
371,12.333,1,0,1
372,12.367,0,0,0
373,12.400,0,0,0
374,12.433,0,0,0
375,12.467,0,0,0
376,12.500,1,0,1
377,12.533,2,0,1
378,12.567,0,0,0
379,12.600,0,0,0
380,12.633,0,0,0
381,12.667,0,0,0
382,12.700,0,0,0
383,12.733,1,0,1
384,12.767,0,0,0
385,12.800,0,0,0
386,12.833,1,0,1
387,12.867,1,0,1
388,12.900,1,0,1
389,12.933,1,0,1
390,12.967,2,0,1
391,13.000,1,0,1
392,13.033,1,0,1
393,13.067,2,0,1
394,13.100,2,1,0
395,13.133,3,0,1
396,13.167,3,0,1
397,13.200,0,0,0
398,13.233,1,2,0
399,13.267,5,0,1
400,13.300,3,0,1
401,13.333,3,0,1
402,13.367,3,0,1
403,13.400,2,0,1
404,13.433,2,0,1
405,13.467,3,0,1
406,13.500,1,0,1
407,13.533,1,0,1
408,13.567,2,0,1
409,13.600,1,0,1
410,13.633,1,0,1
411,13.667,3,0,1
412,13.700,2,0,1
413,13.733,1,0,1
